Nom,Note,Avis,Ville,Pays,Population ville,Population et périphérie
Burgers & Wine,4,41,Helsinki,Finlande,674.500,674.500
Minato Sushi,5,36,Helsinki,Finlande,656.920,656.920
Fulbari,5,208,Helsinki,Finlande,656.920,656.920
Restaurant & Bar Lia,5,93,Helsinki,Finlande,674.500,674.500
Gastro Hub,5,403,Helsinki,Finlande,674.500,674.500
Ravintola Rioni,5,434,Helsinki,Finlande,674.500,674.500
Gran Delicato,5,280,Helsinki,Finlande,674.500,674.500
Spis,5,288,Helsinki,Finlande,674.500,674.500
Baskeri & Basso,5,321,Helsinki,Finlande,674.500,674.500
Levant Boulevard,5,343,Helsinki,Finlande,674.500,674.500
Olo  Ravintola,5,807,Helsinki,Finlande,674.500,674.500
Finlandia Caviar,5,309,Helsinki,Finlande,674.500,674.500
Vinkkeli,5,276,Helsinki,Finlande,674.500,674.500
Natura,5,285,Helsinki,Finlande,674.500,674.500
Ravintola Kuu,5,1116,Helsinki,Finlande,674.500,674.500
Finnjavel Salonki,5,429,Helsinki,Finlande,674.500,674.500
Ravintola Everest Katajanokka,4,396,Helsinki,Finlande,674.500,674.500
Pompier Espa,5,351,Helsinki,Finlande,674.500,674.500
Ravintola Ragu,5,952,Helsinki,Finlande,674.500,674.500
BLINIt Russian Restaurant,5,676,Helsinki,Finlande,674.500,674.500
Nokka,5,632,Helsinki,Finlande,674.500,674.500
Restaurant Muru,4,681,Helsinki,Finlande,674.500,674.500
Ravintola Nerone,4,643,Helsinki,Finlande,674.500,674.500
Passio Keittio Ja Baari,5,975,Helsinki,Finlande,674.500,674.500
Ravintola KuuKuu,4,371,Helsinki,Finlande,674.500,674.500
Konstan Möljä,4,1059,Helsinki,Finlande,674.500,674.500
HOKU,5,396,Helsinki,Finlande,656.920,656.920
Restaurant Savoy,4,516,Helsinki,Finlande,674.500,674.500
Restaurant Kannas,4,554,Helsinki,Finlande,674.500,674.500
Shelter,5,300,Helsinki,Finlande,656.920,656.920
Restaurant Savotta,4,1408,Helsinki,Finlande,674.500,674.500
Kuurna,5,322,Helsinki,Finlande,656.920,656.920
The View 3912,5,1028,Pekin,Chine,21.893.095,18.522.000
Choy's Seafood Restaurant,5,616,Pekin,Chine,21.893.095,18.522.000
Cafe Cha - Shangri-La Beijing,5,440,Pekin,Chine,21.893.095,18.522.000
Asia Bistro,5,386,Pekin,Chine,21.893.095,18.522.000
The Lounge (The Ritz-Carlton Beijing),5,385,Pekin,Chine,21.893.095,18.522.000
F Bistronome - Fb,5,946,Pekin,Chine,21.893.095,18.522.000
BLD (Renaissance Beijing Capital Hotel),5,471,Pekin,Chine,21.893.095,18.522.000
Wan Li (Renaissance Beijing Wangfujing Hotel),5,640,Pekin,Chine,21.893.095,18.522.000
IL RISTORANTE - NIKO ROMITO,5,508,Pekin,Chine,21.893.095,18.522.000
King's Joy,5,1544,Pekin,Chine,21.893.095,18.522.000
AZUR by Mauro Colagreco,5,237,Pekin,Chine,21.893.095,18.522.000
Lobby Lounge (Renaissance Beijing Wangfujing Hotel),5,273,Pekin,Chine,21.893.095,18.522.000
Food Studio (Renaissance Beijing Wangfujing Hotel),5,313,Pekin,Chine,21.893.095,18.522.000
Steak House (Macau Center),5,248,Pekin,Chine,21.893.095,18.522.000
Trb Hutong,5,2194,Pekin,Chine,21.893.095,18.522.000
Black Sesame Kitchen,5,956,Pekin,Chine,21.893.095,18.522.000
Maison FLO,5,540,Pekin,Chine,21.893.095,18.522.000
The Horizon (Beijing Kerry Hotel),5,382,Pekin,Chine,21.893.095,18.522.000
N'Joy All-Day Dining (NUO Hotel Beijing),5,238,Pekin,Chine,21.893.095,18.522.000
Beersmith Gastropub,5,202,Pekin,Chine,21.893.095,18.522.000
BeiJing Haidilao Hot Pot (Wangfujing),5,638,Pekin,Chine,21.893.095,18.522.000
BLEU MARINE,5,255,Pekin,Chine,21.893.095,18.522.000
Din Tai Fung (APM),5,295,Pekin,Chine,21.893.095,18.522.000
Fratelli Fresh,5,337,Pekin,Chine,21.893.095,18.522.000
Din Tai Fung (Yuyang),5,582,Pekin,Chine,21.893.095,18.522.000
Little Yunnan,5,458,Pekin,Chine,21.893.095,18.522.000
Peacock Alley (Waldorf Astoria Beijing),5,148,Pekin,Chine,21.893.095,18.522.000
Siji Minfu Restaurant Peking Roast Duck (Dengshikou),4,1232,Pekin,Chine,21.893.095,18.522.000
The Garden Chinese Restaurant,5,218,Pekin,Chine,21.893.095,18.522.000
Jingzun Peking Duck Restaurant,5,304,Pekin,Chine,21.893.095,18.522.000
Water's Edge Restaurant Canberra,4,661,Canberra,Australie,466.566,466.566
Spice Affair Indian Cuisine,5,519,Canberra,Australie,466.566,466.566
Delhi to Canberra,5,233,Canberra,Australie,466.566,466.566
Table Canberra,5,207,Canberra,Australie,453.558,453.558
Olive at Hawker,5,298,Canberra,Australie,466.566,466.566
Les Bistronomes,5,820,Canberra,Australie,466.566,466.566
Sage,5,1307,Canberra,Australie,453.558,453.558
Lanterne Rooms,5,751,Canberra,Australie,466.566,466.566
Pomegranate,5,800,Canberra,Australie,466.566,466.566
Raku,5,624,Canberra,Australie,466.566,466.566
Akiba,5,1768,Canberra,Australie,466.566,466.566
Banana Leaf,4,403,Canberra,Australie,466.566,466.566
Courgette Restaurant,5,1191,Canberra,Australie,466.566,466.566
Chairman & Yip,4,674,Canberra,Australie,466.566,466.566
Pho Phu Quoc Vietnamese Restaurant,4,470,Canberra,Australie,466.566,466.566
Jewel of India,4,386,Canberra,Australie,466.566,466.566
OTIS Dining Hall,4,445,Canberra,Australie,466.566,466.566
Trevs At Dickson,4,310,Canberra,Australie,466.566,466.566
Black Fire,4,955,Canberra,Australie,466.566,466.566
Rubicon,4,369,Canberra,Australie,466.566,466.566
The Boat House,4,317,Canberra,Australie,466.566,466.566
Saffron Mezze House,4,362,Canberra,Australie,466.566,466.566
The Cupping Room,4,902,Canberra,Australie,466.566,466.566
Kinn Thai Restaurant,4,609,Canberra,Australie,466.566,466.566
Agostinis Italian Restaurant,4,464,Canberra,Australie,466.566,466.566
Abell's Kopi Tiam,4,281,Canberra,Australie,466.566,466.566
Ramas Fiji Indian Restaurant,5,280,Canberra,Australie,466.566,466.566
Penny University,4,440,Canberra,Australie,466.566,466.566
Marble & Grain,4,1035,Canberra,Australie,466.566,466.566
Inka Restaurant,4,192,Canberra,Australie,466.566,466.566
The Rooms Restaurant,5,909,Tirana,Albanie,418.495,418.495
Restaurant Le Jardin Elysée,5,9,Tirana,Albanie,557.422,557.422
Restaurant Metropol,5,167,Tirana,Albanie,418.495,418.495
Balbi 35,5,131,Tirana,Albanie,418.495,418.495
Ujvara Resto Lounge & Gourmet,5,754,Tirana,Albanie,418.495,418.495
Kantina Binjaket Winery Binjaket,5,343,Tirana,Albanie,418.495,418.495
Smoke House Bar & Grill,5,555,Tirana,Albanie,418.495,418.495
Hame Restaurant  ,5,23,Tirana,Albanie,557.422,557.422
Kripe Dhe Piper,5,1425,Tirana,Albanie,418.495,418.495
Spicy Restaurant,5,112,Tirana,Albanie,557.422,557.422
Begati Restaurant,5,168,Tirana,Albanie,418.495,418.495
Floga,5,701,Tirana,Albanie,418.495,418.495
Hayal Et,5,320,Tirana,Albanie,418.495,418.495
Lakror'Ane,5,119,Tirana,Albanie,418.495,418.495
Zgara King Pils,5,126,Tirana,Albanie,418.495,418.495
Berlin Restaurant by Kosherja,5,285,Tirana,Albanie,418.495,418.495
Era Blloku,5,1599,Tirana,Albanie,418.495,418.495
Seasoul Restaurant,5,220,Tirana,Albanie,418.495,418.495
Shendevere Restaurant,4,234,Tirana,Albanie,418.495,418.495
The Crown Tirana Restaurant & Bar,5,536,Tirana,Albanie,418.495,418.495
Oxhaket,5,487,Tirana,Albanie,418.495,418.495
Delibros,5,163,Tirana,Albanie,418.495,418.495
Le Bazal,5,172,Tirana,Albanie,418.495,418.495
Restorant Tymi,5,919,Tirana,Albanie,557.422,557.422
Delicatezze Di Mare Da Aldo,5,792,Tirana,Albanie,557.422,557.422
Otium Restaurant,5,700,Tirana,Albanie,557.422,557.422
Tony's American Restaurant & Coffee Shop,5,192,Tirana,Albanie,557.422,557.422
Lift Steak & Rooftop Bar,5,214,Tirana,Albanie,557.422,557.422
La Gioia Tirane,5,1508,Tirana,Albanie,418.495,418.495
Shije Fshati Restaurant,5,189,Tirana,Albanie,557.422,557.422
Tartuf Shop Restaurant,5,533,Tirana,Albanie,418.495,418.495
Era Vila,5,2402,Tirana,Albanie,418.495,418.495
Gzona,5,268,Tirana,Albanie,418.495,418.495
Pizzeria Arrivederci,5,5387,Paris,France,2.133.111,10.890.751
Il Etait Un Square,5,4403,Paris,France,2.102.650,10.858.852
Da Giuseppe,5,1063,Paris,France,2.133.111,10.890.751
Pizzamore Paris,5,1768,Paris,France,2.133.111,10.890.751
Assanabel Republic - Marsh,5,1408,Paris,France,2.133.111,10.890.751
Nectar,5,905,Paris,France,2.133.111,10.890.751
Boutary Restaurant,5,1877,Paris,France,2.102.650,10.858.852
L'Angélus Du Canal,5,241,Paris,France,2.133.111,10.890.751
Nell'Arte,5,622,Paris,France,2.133.111,10.890.751
Bistrot Instinct,5,688,Paris,France,2.133.111,10.890.751
Al Assil,5,100,Paris,France,2.102.650,10.858.852
Pastamore,5,3198,Paris,France,2.133.111,10.890.751
Le Maxan Restaurant,5,624,Paris,France,2.133.111,10.890.751
Akabeko Restaurant,5,182,Paris,France,2.102.650,10.858.852
Petit Boutary,5,772,Paris,France,2.133.111,10.890.751
Bistrot L'olivier,5,1238,Paris,France,2.133.111,10.890.751
Alix et Mika - Tartares sur mesure,5,1107,Paris,France,2.133.111,10.890.751
Origini - Ristorante Italiano,5,387,Paris,France,2.133.111,10.890.751
Bistrot Kinzo,5,294,Paris,France,2.133.111,10.890.751
Pur' - Jean-François Rouquette,5,1363,Paris,France,2.102.650,10.858.852
Comptoir Gourmet,5,1336,Paris,France,2.133.111,10.890.751
Le Bayadère,5,114,Paris,France,2.102.650,10.858.852
Au P'tit Curieux,5,863,Paris,France,2.102.650,10.858.852
L'Atelier Ramey,5,794,Paris,France,2.102.650,10.858.852
B.Better,5,240,Paris,France,2.133.111,10.890.751
Perception,5,235,Paris,France,2.102.650,10.858.852
Madito,5,435,Paris,France,2.133.111,10.890.751
Poni,5,646,Paris,France,2.102.650,10.858.852
Bus Toqué,5,1239,Paris,France,2.102.650,10.858.852
Perlimpinpin,5,889,Paris,France,2.133.111,10.890.751
O'milionario Pizza E Fritti,4,67,Rome,Italie,2.759.629,460.000
Domo Sushi,4,2261,Rome,Italie,2.759.629,460.000
DOC EnoBistrot - Cruderia & Cucina,5,1758,Rome,Italie,2.755.309,460.000
Lume - Osteria Alle Scalette,5,305,Rome,Italie,2.755.309,460.000
Ristorante Ai Cocci,5,1599,Rome,Italie,2.755.309,460.000
I Vaccinari,5,795,Rome,Italie,2.759.629,460.000
Ristorante Arlù,5,3808,Rome,Italie,2.755.309,460.000
Sospiro Trastevere,5,817,Rome,Italie,2.755.309,460.000
Bono Bottega Nostrana - San Pietro,5,2035,Rome,Italie,2.755.309,460.000
La Fata Ignorante - Rooftop Restaurant & Bar,5,7092,Rome,Italie,2.755.309,460.000
Tonnarello San Pietro,5,1468,Rome,Italie,2.755.309,460.000
TheGusto Restaurant ,5,108,Rome,Italie,2.759.629,460.000
Sentori Vineria Di Quartiere,5,443,Rome,Italie,2.755.309,460.000
Raquel Alma Experience,5,79,Rome,Italie,2.759.629,460.000
Bo.no Bottega Nostrana - Piazza di Spagna,5,1499,Rome,Italie,2.759.629,460.000
La Nicchia Cafe,5,318,Rome,Italie,2.755.309,460.000
Dejavu Enosteria,5,354,Rome,Italie,2.759.629,460.000
Titanic Pub,5,527,Rome,Italie,2.755.309,460.000
Ristorante Leon,4,1033,Rome,Italie,2.759.629,460.000
Mimì E Cocò Trast,5,2942,Rome,Italie,2.755.309,460.000
Byblos,5,97,Rome,Italie,2.759.629,460.000
That's Amore Barbecue Boccea,5,650,Rome,Italie,2.759.629,460.000
Prefetti 19,5,1742,Rome,Italie,2.755.309,460.000
Bono Bottega Nostrana - Monti,5,1007,Rome,Italie,2.759.629,460.000
Metis,5,139,Rome,Italie,2.759.629,460.000
Arrosticinando Infernetto,5,421,Rome,Italie,2.759.629,460.000
Kisa Cuisine,5,584,Rome,Italie,2.759.629,460.000
Virginiae,5,2829,Rome,Italie,2.755.309,460.000
Bistrò Salentino,5,337,Rome,Italie,2.759.629,460.000
Lyo,5,174,Rome,Italie,2.759.629,460.000
Mastrociccia Osteria Bistrot,5,2937,Rome,Italie,2.759.629,460.000
Sistina 52,5,624,Rome,Italie,2.755.309,460.000
The Loft,5,1290,Rome,Italie,2.755.309,460.000
I Goliardi Roma,5,442,Rome,Italie,2.759.629,460.000
Bull Steak,5,1850,Rome,Italie,2.759.629,460.000
Sundari’s Kitchen,5,171,Ottawa,Canada,1.153.843,1.476.756
Aperitivo,5,540,Ottawa,Canada,1.153.843,1.476.756
Cocotte Bistro,5,267,Ottawa,Canada,1.153.843,1.476.756
1 Elgin,4,863,Ottawa,Canada,1.153.843,1.476.756
Honest Indian Restaurant,5,107,Ottawa,Canada,1.153.843,1.476.756
Hunter's Public House Restaurant,5,400,Ottawa,Canada,1.153.843,1.476.756
La Bottega Nicastro,5,567,Ottawa,Canada,1.153.843,1.476.756
Cumberland Pizza,5,412,Ottawa,Canada,1.153.843,1.476.756
Absinthe,5,987,Ottawa,Canada,1.153.843,1.476.756
Gezellig,5,1057,Ottawa,Canada,1.153.843,1.476.756
Sansotei Ramen,5,233,Ottawa,Canada,1.153.843,1.476.756
Beckta Dining & Wine,5,1663,Ottawa,Canada,1.153.843,1.476.756
The Green Door,4,442,Ottawa,Canada,1.153.843,1.476.756
Play Food & Wine,5,1893,Ottawa,Canada,1.153.843,1.476.756
Aroma Meze,5,858,Ottawa,Canada,1.153.843,1.476.756
NeXT,5,943,Ottawa,Canada,1.153.843,1.476.756
Mahal Tanjore (Previously Thanjai Ottawa) Restaurant,5,169,Ottawa,Canada,1.071.868,1.476.756
Pelican Seafood Market and Grill,4,727,Ottawa,Canada,1.153.843,1.476.756
Chez Lucien,4,503,Ottawa,Canada,1.153.843,1.476.756
Town,4,464,Ottawa,Canada,1.153.843,1.476.756
The Brig Pub,5,311,Ottawa,Canada,1.153.843,1.476.756
Coconut Lagoon,4,592,Ottawa,Canada,1.153.843,1.476.756
The Whalesbone Oyster House,4,477,Ottawa,Canada,1.153.843,1.476.756
Riviera,4,473,Ottawa,Canada,1.153.843,1.476.756
Petit Bill's Bistro,4,380,Ottawa,Canada,1.153.843,1.476.756
The Keg Steakhouse + Bar - Ottawa Market,4,768,Ottawa,Canada,1.153.843,1.476.756
Fatboys Southern Smokehouse,4,543,Ottawa,Canada,1.153.843,1.476.756
Shinka Sushi Bar,5,317,Ottawa,Canada,1.153.843,1.476.756
Sidedoor Contemporary Kitchen & Bar,4,566,Ottawa,Canada,1.153.843,1.476.756
JOEY Rideau,5,404,Ottawa,Canada,1.071.868,1.476.756
RIVO Spreeterrassen,5,42,Berlin,Allemagne,3.755.251,4.890.363
Spindler,4,342,Berlin,Allemagne,3.576.873,4.890.363
Monte Mente Restaurant,4,1,Berlin,Allemagne,3.576.873,4.890.363
Rosé Frühstücks - Café,4,1,Berlin,Allemagne,3.576.873,4.890.363
Bellucci,4,545,Berlin,Allemagne,3.755.251,4.890.363
Bantabaa,5,188,Berlin,Allemagne,3.755.251,4.890.363
Skykitchen,5,431,Berlin,Allemagne,3.755.251,4.890.363
Indisches Restaurant Maharadscha,5,1786,Berlin,Allemagne,3.755.251,4.890.363
Restaurant Facil,5,996,Berlin,Allemagne,3.755.251,4.890.363
Gasthaus Kater Alex,5,371,Berlin,Allemagne,3.755.251,4.890.363
Ristorante & Vinobar CaliBocca,5,355,Berlin,Allemagne,3.755.251,4.890.363
Kurpfalz-Weinstuben,5,688,Berlin,Allemagne,3.755.251,4.890.363
Vipan,5,183,Berlin,Allemagne,3.755.251,4.890.363
India Club,4,421,Berlin,Allemagne,3.755.251,4.890.363
Restaurant Il Nuovo Primo,4,59,Berlin,Allemagne,3.576.873,4.890.363
Sissi,4,833,Berlin,Allemagne,3.755.251,4.890.363
Vino & Basilico,4,836,Berlin,Allemagne,3.755.251,4.890.363
Hugos,5,355,Berlin,Allemagne,3.576.873,4.890.363
El Colmado,4,407,Berlin,Allemagne,3.755.251,4.890.363
Golvet,5,240,Berlin,Allemagne,3.576.873,4.890.363
FACTORY GIRL,5,611,Berlin,Allemagne,3.576.873,4.890.363
Delhi 6,4,648,Berlin,Allemagne,3.755.251,4.890.363
Evin Pizza Pasta,4,398,Berlin,Allemagne,3.755.251,4.890.363
Sticks'n'Sushi - Potsdamer Str.,4,452,Berlin,Allemagne,3.755.251,4.890.363
Pantry,4,746,Berlin,Allemagne,3.755.251,4.890.363
Rutz Restaurant - Weinbar,4,753,Berlin,Allemagne,3.755.251,4.890.363
Ristorante II Sorriso,4,638,Berlin,Allemagne,3.755.251,4.890.363
Steel Vintage Bikes Café,4,760,Berlin,Allemagne,3.755.251,4.890.363
Sadhu,5,351,Berlin,Allemagne,3.576.873,4.890.363
Vedis,5,1288,Berlin,Allemagne,3.576.873,4.890.363
Rokkasen Otakibashiidori,5,871,Tokyo,Japon,9.733.276,37.732.000
Teppanyaki Sumiyaki Saito,5,803,Tokyo,Japon,9.733.276,37.732.000
GYOPAO Gyoza Roppongi,5,3570,Tokyo,Japon,9.733.276,37.732.000
MAID MADE Akihabara Ekimae,5,351,Tokyo,Japon,9.733.276,37.732.000
Ise Sueyoshi,5,939,Tokyo,Japon,9.733.276,37.732.000
Gyopao Gyoza Shinjuku,5,1209,Tokyo,Japon,13.515.271,37.732.000
Premium Sake Pub Gashue,5,268,Tokyo,Japon,9.733.276,37.732.000
Ninja Experience Cafe Harajuku,5,413,Tokyo,Japon,9.733.276,37.732.000
Craft Beer Factory Shinjuku Ale,5,688,Tokyo,Japon,13.515.271,37.732.000
Lad's Dining Shinjuku,5,646,Tokyo,Japon,9.733.276,37.732.000
Gyopao Gyoza Shinjuku East,5,97,Tokyo,Japon,13.515.271,37.732.000
Nabezo Shibuya Center-gai,5,620,Tokyo,Japon,13.515.271,37.732.000
Shabu Shabu Tajimaya Haneda Airport Garden,5,320,Tokyo,Japon,13.515.271,37.732.000
Music Bar Rockaholic Shibuya,5,214,Tokyo,Japon,13.515.271,37.732.000
Lad's Dining Shibuya Udagawacho,5,103,Tokyo,Japon,9.733.276,37.732.000
Ninja Experience Cafe Asakusa,5,428,Tokyo,Japon,9.733.276,37.732.000
Music Bar Roackaholic Shimokitazawa,5,79,Tokyo,Japon,13.515.271,37.732.000
Mo Mo Paradise Shinjuku Higashiguchi,5,116,Tokyo,Japon,13.515.271,37.732.000
Chanko & Wanko Restaurant Asakusa Sumo Club,5,105,Tokyo,Japon,13.515.271,37.732.000
Nihonshu Genka Sakagura Shinjuku East Entrance,5,220,Tokyo,Japon,13.515.271,37.732.000
Sushi Making Tokyo,5,185,Tokyo,Japon,13.515.271,37.732.000
Nabezo Shibuya Koendori,5,477,Tokyo,Japon,13.515.271,37.732.000
Music Bar ROCKAHOLIC Shinjuku,5,164,Tokyo,Japon,13.515.271,37.732.000
Nabezo Shinjuku-Sanchome,5,771,Tokyo,Japon,13.515.271,37.732.000
Downtown B’s Indian Kitchen,5,360,Tokyo,Japon,13.515.271,37.732.000
Gyukatsu Motomura Harajuku,5,179,Tokyo,Japon,13.515.271,37.732.000
MO-MO-PARADISE Kabukicho,5,457,Tokyo,Japon,13.515.271,37.732.000
Mugi no Oto,5,165,Tokyo,Japon,13.515.271,37.732.000
Taishu Sukiyaki Hokuto Ginza Corridor,5,107,Tokyo,Japon,13.515.271,37.732.000
Super Bacana Ginza,5,114,Tokyo,Japon,13.515.271,37.732.000
Sherlock Holmes,4,3035,Londres,Royaume-Uni,8.825.001,11.262.000
Museum Tavern,4,1070,Londres,Royaume-Uni,8.825.001,11.262.000
Betto Tapas Restaurant & Cocktail Bar,5,481,Londres,Royaume-Uni,8.825.001,11.262.000
The Park Room,5,1897,Londres,Royaume-Uni,8.825.001,11.262.000
The Palm Court,5,594,Londres,Royaume-Uni,8.825.001,11.262.000
Brother Marcus Covent Garden,5,98,Londres,Royaume-Uni,8.825.001,11.262.000
Alexander The Great,5,3944,Londres,Royaume-Uni,8.825.001,11.262.000
Forty Dean Street,4,745,Londres,Royaume-Uni,8.825.001,11.262.000
The Rajdoot Hampstead,5,1288,Londres,Royaume-Uni,8.825.001,11.262.000
Rice Persian Kitchen,5,491,Londres,Royaume-Uni,8.825.001,11.262.000
Baluchi,5,964,Londres,Royaume-Uni,8.825.001,11.262.000
Indian Room,5,2244,Londres,Royaume-Uni,8.825.001,11.262.000
Bayleaf Restaurant,5,1574,Londres,Royaume-Uni,8.825.001,11.262.000
Tower Tandoori Restaurant,5,3318,Londres,Royaume-Uni,8.825.001,11.262.000
House Of Ming,5,690,Londres,Royaume-Uni,8.825.001,11.262.000
Namaste@OMNOM,5,406,Londres,Royaume-Uni,8.825.001,11.262.000
Town House ,5,997,Londres,Royaume-Uni,8.825.001,11.262.000
Buenos Aires Argentine Steakhouse,5,1412,Londres,Royaume-Uni,8.825.001,11.262.000
Faros Oxford Circus,5,200,Londres,Royaume-Uni,8.825.001,11.262.000
Andromeda Restaurant,5,661,Londres,Royaume-Uni,8.825.001,11.262.000
Kinaara,5,560,Londres,Royaume-Uni,8.825.001,11.262.000
Andy's Greek Taverna,5,2932,Londres,Royaume-Uni,8.825.001,11.262.000
Taste Of Nawab,5,1908,Londres,Royaume-Uni,8.825.001,11.262.000
The Rajdoot,5,3228,Londres,Royaume-Uni,8.825.001,11.262.000
Smith & Whistle,5,552,Londres,Royaume-Uni,8.825.001,11.262.000
Marble Arch Lounge,5,1538,Londres,Royaume-Uni,8.825.001,11.262.000
Colonel Saab Trafalgar Square,5,237,Londres,Royaume-Uni,8.825.001,11.262.000
Lizzie's Cucina - Italian Restaurant,5,417,Londres,Royaume-Uni,8.825.001,11.262.000
Whitcomb's at The Londoner,5,346,Londres,Royaume-Uni,8.825.001,11.262.000
O Tino Restaurant,5,233,Londres,Royaume-Uni,8.825.001,11.262.000
Bustronome London,5,689,Londres,Royaume-Uni,8.825.001,11.262.000
Leicester Square Kitchen,5,2687,Londres,Royaume-Uni,8.825.001,11.262.000
Tower Mangal,5,457,Londres,Royaume-Uni,8.825.001,11.262.000
Bengal Tiger,5,210,Londres,Royaume-Uni,8.825.001,11.262.000
Kibako London,4,26,Londres,Royaume-Uni,8.825.001,11.262.000
Com Nam,5,105,Berlin,Allemagne,3.576.873,4.890.363
Das Haus Der 100 Biere,4,326,Berlin,Allemagne,3.576.873,4.890.363
Fitzrovia,5,248,Londres,Royaume-Uni,8.825.001,11.262.000
Red Lion,5,88,Londres,Royaume-Uni,8.825.001,11.262.000
Antico Carbone,4,208,Rome,Italie,2.759.629,460.000
Gaffel Haus Berlin - Das Kölsche Konsulat,4,722,Berlin,Allemagne,3.755.251,4.890.363
Mirami Sushi Restaurant,4,142,Berlin,Allemagne,3.755.251,4.890.363
The Goat Tavern,5,191,Londres,Royaume-Uni,8.825.001,11.262.000
Sottosopra Trastevere,5,397,Rome,Italie,2.759.629,460.000
Byblos Restaurant Berlin,5,146,Berlin,Allemagne,3.755.251,4.890.363
Blue Posts,4,288,Londres,Royaume-Uni,8.825.001,11.262.000
Le Carpaccio,4,503,Paris,France,2.133.111,10.890.751
Etoile Marocaine,4,330,Paris,France,2.133.111,10.890.751
Il était un square,5,4526,Paris,France,2.133.111,10.890.751
Lichette,5,121,Paris,France,2.133.111,10.890.751
Nirvana Inde,5,487,Paris,France,2.133.111,10.890.751
Boutary,5,1989,Paris,France,2.133.111,10.890.751
Restaurant Al Assil,5,114,Paris,France,2.133.111,10.890.751
Ristorante Al Caratello,5,2174,Paris,France,2.133.111,10.890.751
Khajuraho,5,166,Paris,France,2.133.111,10.890.751
Restaurant Le W,5,846,Paris,France,2.133.111,10.890.751
Les Apôtres De Pigalle,5,2798,Paris,France,2.133.111,10.890.751
Le Jardin Saint Germain,5,131,Paris,France,2.133.111,10.890.751
Le Comptoir Boutary,5,509,Paris,France,2.133.111,10.890.751
La Condesa Paris,5,293,Paris,France,2.133.111,10.890.751
Shikoku,3,77,Paris,France,2.133.111,10.890.751
Come 'na Vorta Pasta E Vino - Largo Arenula,5,2138,Rome,Italie,2.755.309,460.000
Come 'na Vorta - Pasta e Vino Torre Argentina,5,1568,Rome,Italie,2.755.309,460.000
TAMBAYAN - Filipino Restaurant & Cocktail Bar,5,244,Rome,Italie,2.755.309,460.000
Ombre Rosse,5,10066,Rome,Italie,2.755.309,460.000
Sfiziarte,5,1564,Rome,Italie,2.755.309,460.000
Le Colonnette,5,221,Rome,Italie,2.755.309,460.000
Mi'ndujo - Tuscolana,5,842,Rome,Italie,2.755.309,460.000
Mimì E Cocò Roma,5,345,Rome,Italie,2.755.309,460.000
Osteria Via Mantova,4,595,Rome,Italie,2.755.309,460.000
Enea Ristorante,5,210,Rome,Italie,2.755.309,460.000
Ristorante NOA,5,105,Rome,Italie,2.755.309,460.000
Cantina 65,5,77,Rome,Italie,2.755.309,460.000
075 Zerosettantacinque,5,2033,Rome,Italie,2.755.309,460.000
Mi'ndujo - Via Catania ,5,1082,Rome,Italie,2.755.309,460.000
Mi'ndujo - Centro Commerciale Aura,5,1416,Rome,Italie,2.755.309,460.000
Il Ferro e il Fuoco,5,343,Rome,Italie,2.755.309,460.000
Enotico Bistrot,5,323,Rome,Italie,2.755.309,460.000
Rinomato Pizzeria Cucina E Sapori Roma,5,286,Rome,Italie,2.755.309,460.000
Il Fiore all'Occhiello Bistrot,4,719,Rome,Italie,2.755.309,460.000
Pure Kitchen Elgin,4,264,Ottawa,Canada,1.153.843,1.476.756
Atelier,5,379,Ottawa,Canada,1.153.843,1.476.756
The Shore Club,4,544,Ottawa,Canada,1.153.843,1.476.756
The Albion Rooms,4,374,Ottawa,Canada,1.153.843,1.476.756
Restaurant E18hteen,4,490,Ottawa,Canada,1.153.843,1.476.756
Giovanni's Ristorante,4,493,Ottawa,Canada,1.153.843,1.476.756
Luxe Bistro,4,445,Ottawa,Canada,1.153.843,1.476.756
D'Arcy McGee's,4,726,Ottawa,Canada,1.153.843,1.476.756
Biagio's Italian Kitchen,4,284,Ottawa,Canada,1.153.843,1.476.756
Erling's Variety,5,205,Ottawa,Canada,1.153.843,1.476.756
Mill St. Brew Pub,4,1092,Ottawa,Canada,1.153.843,1.476.756
Al's Steakhouse,4,378,Ottawa,Canada,1.153.843,1.476.756
Tosca Restaurant,4,329,Ottawa,Canada,1.153.843,1.476.756
Pure Kitchen Kanata,4,43,Ottawa,Canada,1.153.843,1.476.756
Montana’s Bbq & Bar,4,19,Ottawa,Canada,1.153.843,1.476.756
Kelseys Original Roadhouse,4,23,Ottawa,Canada,1.153.843,1.476.756
Lone Star Texas Grill - Barrhaven,3,37,Ottawa,Canada,1.153.843,1.476.756
Lone Star texas,3,2,Ottawa,Canada,1.153.843,1.476.756
Lone Star Texas Grill,3,58,Ottawa,Canada,1.153.843,1.476.756
Nomad Food & Wine,5,9,Helsinki,Finlande,674.500,674.500
Fulbari  Restaurant,5,305,Helsinki,Finlande,674.500,674.500
Masala Hut,5,68,Helsinki,Finlande,674.500,674.500
Winest,5,69,Helsinki,Finlande,674.500,674.500
Osteria dei Gusti,5,171,Helsinki,Finlande,674.500,674.500
Robusto Helsinki,5,16,Helsinki,Finlande,674.500,674.500
Beast Berlin,4,90,Berlin,Allemagne,3.755.251,4.890.363
Steakhouse Las Malvinas,4,965,Berlin,Allemagne,3.755.251,4.890.363
Ristorante Bocca Felice,5,94,Berlin,Allemagne,3.755.251,4.890.363
Hugos Restaurant,4,363,Berlin,Allemagne,3.755.251,4.890.363
Bless Restaurant,5,158,Berlin,Allemagne,3.755.251,4.890.363
Kaefer - Dachgarten Restaurant,4,4175,Berlin,Allemagne,3.755.251,4.890.363
Factory Girl ,4,619,Berlin,Allemagne,3.755.251,4.890.363
Maximilians Berlin,4,3509,Berlin,Allemagne,3.755.251,4.890.363
Rotes Kamel Restaurant,5,225,Berlin,Allemagne,3.755.251,4.890.363
ZEN Restaurant,4,697,Berlin,Allemagne,3.755.251,4.890.363
Lia's Kitchen 100% Vegan,5,260,Berlin,Allemagne,3.755.251,4.890.363
Paris-Moskau,4,289,Berlin,Allemagne,3.755.251,4.890.363
Kobegyu Sumibiyaki Steak Ginza Fun,5,59,Tokyo,Japon,9.733.276,37.732.000
LUXE BURGERS & Sunny's Table,5,51,Tokyo,Japon,9.733.276,37.732.000
Sushi Koshikawa,5,371,Tokyo,Japon,9.733.276,37.732.000
Sushi Inase,5,140,Tokyo,Japon,9.733.276,37.732.000
Sushi Kenshin Ebisu Tokyo,5,148,Tokyo,Japon,9.733.276,37.732.000
Annam Indian Restaurant Ginza Tokyo,4,598,Tokyo,Japon,9.733.276,37.732.000
L’ATELIER et Brasserie ATOM Milano,5,340,Tokyo,Japon,9.733.276,37.732.000
MO-MO-PARADISE Shinjuku East Exit Store,5,318,Tokyo,Japon,9.733.276,37.732.000
Shinjuku Sushi Hatsume,5,282,Tokyo,Japon,9.733.276,37.732.000
Ebisu Sushi Hatsume,5,100,Tokyo,Japon,9.733.276,37.732.000
Savoy Kaminarimon store,5,161,Tokyo,Japon,9.733.276,37.732.000
GYOPAO Shinjuku East,5,433,Tokyo,Japon,9.733.276,37.732.000
Sushi to Oden & Nihonbashi Muromachi,5,89,Tokyo,Japon,9.733.276,37.732.000
Ueno Wagyu Yakiniku USHIHACHI Kiwami,5,164,Tokyo,Japon,9.733.276,37.732.000
Mo-mo-paradise Shibuya Center-gai,5,754,Tokyo,Japon,9.733.276,37.732.000
Dining Darts Bar Bee Shinjuku,5,150,Tokyo,Japon,9.733.276,37.732.000
Juicy Boiled Dumplings Gyobao Shinjuku Branch,5,1772,Tokyo,Japon,9.733.276,37.732.000
Beef Professional Ginza,5,99,Tokyo,Japon,9.733.276,37.732.000
Beef Professional Private Shinjuku Honten,5,170,Tokyo,Japon,9.733.276,37.732.000
SUSHI-YAMA Shinjuku,5,145,Tokyo,Japon,9.733.276,37.732.000
Beef Professional Akihabara,5,92,Tokyo,Japon,9.733.276,37.732.000
Niigata Yukimuro Jukusei Yakiniku Nikuine Roppongi,5,87,Tokyo,Japon,9.733.276,37.732.000
Menya NOBUNAGA Kyobashi,5,188,Tokyo,Japon,9.733.276,37.732.000
Oreno Kappou Ginza Washoku,4,82,Tokyo,Japon,9.733.276,37.732.000
The Butcher's Hook,4,282,Londres,Royaume-Uni,8.825.001,11.262.000
27 Old Compton Street - Pasta Bar,4,37,Londres,Royaume-Uni,8.825.001,11.262.000
Maroto Restaurant,5,183,Londres,Royaume-Uni,8.825.001,11.262.000
Sachi Bistro London By Fyome,5,117,Londres,Royaume-Uni,8.825.001,11.262.000
Bulls Head,4,804,Londres,Royaume-Uni,8.825.001,11.262.000
Rex Cross,5,158,Londres,Royaume-Uni,8.825.001,11.262.000
Kachori,5,354,Londres,Royaume-Uni,8.825.001,11.262.000
The India - Fleet Street,5,161,Londres,Royaume-Uni,8.825.001,11.262.000
Umu,4,701,Londres,Royaume-Uni,8.825.001,11.262.000
Pera Schnitzel Garden,5,731,Londres,Royaume-Uni,8.825.001,11.262.000
Vatavaran,5,87,Londres,Royaume-Uni,8.825.001,11.262.000
Uzumaki London,5,837,Londres,Royaume-Uni,8.825.001,11.262.000
Pravaas,5,107,Londres,Royaume-Uni,8.825.001,11.262.000
Five Bells,4,284,Londres,Royaume-Uni,8.825.001,11.262.000
Furongji,5,117,Pekin,Chine,21.893.095,18.522.000
Wan Li,5,644,Pekin,Chine,21.893.095,18.522.000
Daccapo (italian Steakhouse) At Regent Beijing,5,194,Pekin,Chine,21.893.095,18.522.000
BeiJing Haidilao Hot Pot - Wangfujing,5,639,Pekin,Chine,21.893.095,18.522.000
Little Yunnan (Market Branch),5,459,Pekin,Chine,21.893.095,18.522.000
Dadong Roast Duck (Nanxincang),4,2195,Pekin,Chine,21.893.095,18.522.000
White Chaco,4,58,Canberra,Australie,466.566,466.566
Capitol Bar & Grill,4,611,Canberra,Australie,466.566,466.566
The Italian Place Enoteca,5,155,Canberra,Australie,466.566,466.566
L'arte Della Pizza Tirana,5,156,Tirana,Albanie,418.495,418.495
Sugar,5,12,Tirana,Albanie,418.495,418.495
The Traditional Grill,5,125,Tirana,Albanie,418.495,418.495
Bar Restaurant Klei,5,70,Tirana,Albanie,418.495,418.495
Sheqer Pikant Liqeni,5,131,Tirana,Albanie,418.495,418.495
Il Paese 31,5,122,Tirana,Albanie,418.495,418.495
Trattoria Sheqer Pikant,5,122,Tirana,Albanie,418.495,418.495
Pizza Paris,5,75,Tirana,Albanie,418.495,418.495
Bosco Restaurant,5,119,Tirana,Albanie,418.495,418.495
Taverneta By Whisky,5,94,Tirana,Albanie,418.495,418.495
La Siciliana Restaurant,5,83,Tirana,Albanie,418.495,418.495
Brutal Restaurant,5,67,Tirana,Albanie,418.495,418.495
Agrodolce,5,1163,Rome,Italie,2.755.309,460.000
Ristorante Il Piccolo Mondo,5,2620,Rome,Italie,2.755.309,460.000
Prince of Wales,4,343,Londres,Royaume-Uni,8.825.001,11.262.000
Railway Bell,5,387,Londres,Royaume-Uni,8.825.001,11.262.000
The View 4109,5,128,Pekin,Chine,21.893.095,18.522.000
Rive Gauche,5,24,Pekin,Chine,21.893.095,18.522.000
The Lobby Lounge at The PuXuan Hotel and Spa,5,6,Pekin,Chine,21.893.095,18.522.000
Tak Yong Beijing Duck Wangfujing,5,1,Pekin,Chine,21.893.095,18.522.000
Briscola,4,258,Canberra,Australie,466.566,466.566
Monster Kitchen and Bar,4,952,Canberra,Australie,466.566,466.566
Rebel Rebel,4,85,Canberra,Australie,466.566,466.566
Amara Indian Restaurant,5,18,Canberra,Australie,466.566,466.566
Locale Pizzeria,4,205,Canberra,Australie,466.566,466.566
Gather Cafe,4,78,Canberra,Australie,466.566,466.566
Chifley's Bar & Grill,4,239,Canberra,Australie,466.566,466.566
Braddon Merchant,4,41,Canberra,Australie,466.566,466.566
Redsalt Restaurant,4,232,Canberra,Australie,466.566,466.566
Bar Beirut,5,16,Canberra,Australie,466.566,466.566
Atrium Restaurant and Bar,4,63,Canberra,Australie,466.566,466.566
Flui Restaurant - Canberra,5,9,Canberra,Australie,466.566,466.566
Kivotos Wine Bar,4,12,Canberra,Australie,466.566,466.566
No 10 Restaurant + Bar,4,82,Canberra,Australie,466.566,466.566
Bunny Beans Café - Kippax,4,21,Canberra,Australie,466.566,466.566
Restaurant Two14,5,5,Canberra,Australie,466.566,466.566
Fricken,4,11,Canberra,Australie,466.566,466.566
The George Bar & Grill,4,18,Canberra,Australie,466.566,466.566
Compa,3,14,Canberra,Australie,466.566,466.566
China Tea Club,3,74,Canberra,Australie,466.566,466.566
Ikigai Ramen,4,3,Canberra,Australie,466.566,466.566
Lighthouse Pub,3,68,Canberra,Australie,466.566,466.566
The Denman Kitchen,4,4,Canberra,Australie,466.566,466.566
Wineroom,5,1,Canberra,Australie,466.566,466.566
No.10 Restaurant + Bar Belconnen,3,7,Canberra,Australie,466.566,466.566
Kushi Izakaya,3,2,Canberra,Australie,466.566,466.566
The Valley Pub,1,1,Canberra,Australie,466.566,466.566
The Statesman Hotel - Policy Dining,2,6,Canberra,Australie,466.566,466.566
Brasserie Les Deux Palais,4,1235,Paris,France,2.133.111,10.890.751
99 Haussmann,5,72,Paris,France,2.133.111,10.890.751
Öz - Maitre Kebabier,5,23,Paris,France,2.133.111,10.890.751
Bustronome Paris,5,467,Paris,France,2.133.111,10.890.751
L'ARCHESTE,5,329,Paris,France,2.133.111,10.890.751
Etoile Gourmet,5,53,Paris,France,2.133.111,10.890.751
Come 'na Vorta - Pasta e Vino - Santa Dorotea,5,671,Rome,Italie,2.755.309,460.000
Osteria del Grillo,5,399,Rome,Italie,2.755.309,460.000
AquaLunae,5,736,Rome,Italie,2.755.309,460.000
Mastrociccia Osteria Pinseria,5,3135,Rome,Italie,2.755.309,460.000
Mahal Tanjore Prev. Thanjai Restaurant,5,184,Ottawa,Canada,1.153.843,1.476.756
Elgin Street Diner,4,911,Ottawa,Canada,1.153.843,1.476.756
Holy Crab,5,37,Helsinki,Finlande,674.500,674.500
Impasto Rosso,4,94,Berlin,Allemagne,3.755.251,4.890.363
Ristorante Mjalt,5,36,Berlin,Allemagne,3.755.251,4.890.363
Ore no Kappo Ginza Main branch,4,82,Tokyo,Japon,9.733.276,37.732.000
Wagyu Sukiyaki Goku Higashi Ginza Tsukiji,5,98,Tokyo,Japon,9.733.276,37.732.000
Old Dairy,5,41,Londres,Royaume-Uni,8.825.001,11.262.000
Angus Steakhouse Leicester Square,4,2402,Londres,Royaume-Uni,8.825.001,11.262.000
64 Old Compton Street,4,82,Londres,Royaume-Uni,8.825.001,11.262.000
Masons Arms,5,190,Londres,Royaume-Uni,8.825.001,11.262.000
The Old Fields,4,122,Londres,Royaume-Uni,8.825.001,11.262.000
Ti Amo - Place D'italie,4,50,Paris,France,2.133.111,10.890.751
Tira e Molla,5,6027,Rome,Italie,2.755.309,460.000
Ristorante Palmieri,5,640,Rome,Italie,2.755.309,460.000
Ravintola Karljohan,4,307,Helsinki,Finlande,674.500,674.500
Tokyo Sushi Bowl,5,107,Tokyo,Japon,9.733.276,37.732.000
Shibuya Pichiten,5,73,Tokyo,Japon,9.733.276,37.732.000
Rasoi Ghar,5,544,Londres,Royaume-Uni,8.825.001,11.262.000
